stratum,Year,FirstVisit,LastVisit,Strata,States,nBirdSpecies,CompletedGrids,CompletedPoints,nPriority,DensitySpeciesCount,DensityRobustCV,DensityPrioritySpecies,OccupancySpeciesCount,OccupancyRobustCV,OccupancyPrioritySpecies,PlannedGrids,LongStratum,is_superstratum
BCR17,2024,2024-05-18T06:00:00Z,2024-07-18T06:00:00Z,31,5,210,188,2145,49,230,72,60,230,85,59,193,,TRUE
CO-BCR10-BLM,2024,2024-06-05T06:00:00Z,2024-06-27T06:00:00Z,3,1,65,14,149,3,76,10,3,77,11,3,14,,TRUE
CO-BCR16-BLM,2024,2024-05-15T06:00:00Z,2024-07-18T06:00:00Z,10,1,122,74,789,6,131,69,5,130,71,5,75,,TRUE
CO-BCR16-CR,2024,2024-05-23T06:00:00Z,2024-06-24T06:00:00Z,1,1,73,7,82,7,78,15,2,79,20,2,7,CO-BCR16-CR: Bureau of Land Management - Colorado River Valley,FALSE
CO-BCR16-GJ,2024,2024-05-15T06:00:00Z,2024-07-09T06:00:00Z,1,1,73,10,102,7,72,10,2,72,13,2,10,CO-BCR16-GJ: Bureau of Land Management - Grand Junction,FALSE
CO-BCR16-GU,2024,2024-06-11T06:00:00Z,2024-07-18T06:00:00Z,1,1,65,7,86,4,70,12,2,70,16,2,7,CO-BCR16-GU: Bureau of Land Management - Gunnison,FALSE
CO-BCR16-RG,2024,2024-06-10T06:00:00Z,2024-07-16T06:00:00Z,1,1,61,7,69,5,62,10,0,61,13,0,7,CO-BCR16-RG: Bureau of Land Management - Royal Gorge,FALSE
CO-BCR16-SL,2024,2024-06-10T06:00:00Z,2024-07-06T06:00:00Z,1,1,39,7,94,3,42,4,2,42,10,2,7,CO-BCR16-SL: Bureau of Land Management - San Luis Valley,FALSE
CO-BCR16-TR,2024,2024-05-28T06:00:00Z,2024-07-04T06:00:00Z,1,1,56,7,59,5,69,10,1,69,11,1,7,CO-BCR16-TR: Bureau of Land Management - Tres Rios,FALSE
CO-BCR16-UN,2024,2024-05-22T06:00:00Z,2024-06-24T06:00:00Z,1,1,61,7,56,6,73,8,2,73,9,2,7,CO-BCR16-UN: Bureau of Land Management - Uncompahgre,FALSE
CO-BLM,2024,2024-05-15T06:00:00Z,2024-07-18T06:00:00Z,13,1,132,88,938,21,143,69,23,141,74,23,89,,TRUE
CO-BLM - Kremmling Field Office,2024,2024-06-08T06:00:00Z,2024-07-18T06:00:00Z,2,1,54,8,76,1,65,6,1,66,9,1,8,,TRUE
CO-BLM - Little Snake Field Office,2024,2024-05-25T06:00:00Z,2024-06-24T06:00:00Z,2,1,71,15,168,4,84,16,4,84,19,4,16,,TRUE
CO-BLM - White River Field Office,2024,2024-05-22T06:00:00Z,2024-06-22T06:00:00Z,2,1,72,13,146,1,83,16,1,83,19,1,13,,TRUE
ID-BCR10-BLM,2024,2024-05-29T06:00:00Z,2024-07-07T06:00:00Z,8,1,95,17,185,9,157,32,17,157,44,17,17,,TRUE
ID-BCR10-CA,2024,2024-05-29T06:00:00Z,2024-06-29T06:00:00Z,1,1,38,2,16,2,84,3,6,84,11,6,2,ID-BCR10-CA: Bureau of Land Management - Coeur d'Alene Field Office,FALSE
ID-BCR9-BLM,2024,2024-05-27T06:00:00Z,2024-06-28T06:00:00Z,12,1,113,40,456,13,174,37,16,178,64,19,40,,TRUE
ID-BCR9-BR,2024,2024-06-04T06:00:00Z,2024-06-28T06:00:00Z,1,1,40,7,69,5,100,5,10,100,7,10,7,ID-BCR9-BR: Bureau of Land Management - Bruneau Field Office,FALSE
ID-BCR9-BU,2024,2024-05-30T06:00:00Z,2024-06-20T06:00:00Z,1,1,25,3,46,4,74,1,13,76,5,14,3,ID-BCR9-BU: Bureau of Land Management - Burley Field Office,FALSE
ID-BCR9-JA,2024,2024-05-27T06:00:00Z,2024-06-13T06:00:00Z,1,1,20,6,80,7,39,3,8,40,5,9,6,ID-BCR9-JA: Bureau of Land Management - Jarbidge Field Office,FALSE
ID-BCR9-OW,2024,2024-06-05T06:00:00Z,2024-06-18T06:00:00Z,1,1,45,6,50,5,89,4,10,90,7,11,6,ID-BCR9-OW: Bureau of Land Management - Owyhee Field Office,FALSE
ID-BLM,2024,2024-05-27T06:00:00Z,2024-07-07T06:00:00Z,21,1,135,59,654,15,190,54,17,194,84,20,59,,TRUE
ID-BLM - Challis Field Office,2024,2024-06-19T06:00:00Z,2024-07-06T06:00:00Z,2,1,32,4,53,3,98,6,9,98,10,9,4,,TRUE
ID-BLM - Cottonwood Field Office,2024,2024-06-04T06:00:00Z,2024-06-28T06:00:00Z,2,1,62,4,41,3,104,8,6,104,18,6,4,,TRUE
ID-BLM - Four Rivers Field Office and Morley Nelson Birds of Prey NCA,2024,2024-05-28T06:00:00Z,2024-06-18T06:00:00Z,3,1,43,6,73,3,111,6,12,113,10,13,6,,TRUE
ID-BLM - Pocatello Field Office,2024,2024-06-02T06:00:00Z,2024-07-07T06:00:00Z,3,1,65,9,75,5,116,6,10,116,10,10,9,,TRUE
ID-BLM - Salmon Field Office,2024,2024-06-13T06:00:00Z,2024-06-23T06:00:00Z,2,1,48,4,53,4,94,11,7,94,16,7,4,,TRUE
ID-BLM - Shoshone Field Office,2024,2024-05-28T06:00:00Z,2024-06-23T06:00:00Z,2,1,35,4,50,5,102,2,12,102,4,12,4,,TRUE
ID-BLM - Upper Snake Field Office,2024,2024-06-05T06:00:00Z,2024-06-09T06:00:00Z,2,1,37,4,48,4,87,2,10,87,7,10,4,,TRUE
MT-BCR10-BLM,2024,2024-05-29T06:00:00Z,2024-06-14T06:00:00Z,2,1,65,7,88,4,138,17,9,139,17,10,7,,TRUE
MT-BCR11-BLM,2024,2024-05-29T06:00:00Z,2024-07-09T06:00:00Z,2,1,73,15,173,9,115,12,12,116,17,13,16,,TRUE
MT-BCR17-BL,2024,2024-05-19T06:00:00Z,2024-07-10T06:00:00Z,1,1,63,9,117,11,114,7,12,114,11,12,10,MT-BCR17-BL: Bureau of Land Management,FALSE
MT-BLM,2024,2024-05-19T06:00:00Z,2024-07-10T06:00:00Z,5,1,126,31,378,11,180,23,17,181,30,18,33,,TRUE
ND-BCR17-BM,2024,2024-06-25T06:00:00Z,2024-07-06T06:00:00Z,1,1,59,5,52,19,114,3,4,114,8,4,5,ND-BCR17-BM: Bureau of Land Management,FALSE
NV-BCR9-BM,2024,2024-05-11T06:00:00Z,2024-07-04T06:00:00Z,1,1,47,13,169,0,59,4,7,59,5,7,15,NV-BCR9-BM: Bureau of Land Management - Battle Mountain District,FALSE
NV-BCR9-CC,2024,2024-05-29T06:00:00Z,2024-06-16T06:00:00Z,1,1,29,8,93,0,49,2,6,49,6,6,8,NV-BCR9-CC: Bureau of Land Management - Carson City District,FALSE
NV-BCR9-EK,2024,2024-06-08T06:00:00Z,2024-06-30T06:00:00Z,1,1,19,7,95,0,40,3,4,42,4,6,14,"NV-BCR9-EK: Bureau of Land Management - Elko, Twin Falls, and Boise Districts",FALSE
NV-BCR9-EY,2024,2024-06-17T06:00:00Z,2024-07-01T06:00:00Z,1,1,52,12,155,0,70,7,6,70,15,6,15,NV-BCR9-EY: Bureau of Land Management - Ely District,FALSE
NV-BCR9-NC,2024,2024-06-01T06:00:00Z,2024-06-11T06:00:00Z,1,1,25,4,54,0,47,2,4,47,5,4,4,NV-BCR9-NC: Bureau of Land Management - Northern California District,FALSE
NV-BCR9-WI,2024,2024-05-31T06:00:00Z,2024-06-08T06:00:00Z,1,1,29,10,148,0,51,7,6,54,8,8,15,NV-BCR9-WI: Bureau of Land Management - Winnemucca District,FALSE
OR-BCR10 BLM,2024,2024-05-23T06:00:00Z,2024-06-24T06:00:00Z,3,1,90,24,286,3,118,26,4,118,34,4,24,,TRUE
OR-BCR10-BU,2024,2024-05-30T06:00:00Z,2024-06-12T06:00:00Z,1,1,56,8,91,1,85,14,1,87,19,1,8,OR-BCR10-BU: Bureau of Land Management - Burns District,FALSE
OR-BCR10-PR,2024,2024-05-23T06:00:00Z,2024-06-20T06:00:00Z,1,1,56,8,93,0,86,10,2,86,11,2,8,OR-BCR10-PR: Bureau of Land Management - Prineville District,FALSE
OR-BCR10-VA,2024,2024-06-13T06:00:00Z,2024-06-24T06:00:00Z,1,1,55,8,102,2,67,11,2,67,16,2,8,OR-BCR10-VA: Bureau of Land Management - Vale District,FALSE
OR-BCR9 BLM,2024,2024-05-15T06:00:00Z,2024-06-27T06:00:00Z,4,1,81,32,412,0,124,22,0,125,29,0,32,,TRUE
OR-BCR9-BU,2024,2024-05-29T06:00:00Z,2024-06-11T06:00:00Z,1,1,52,8,107,1,82,7,1,86,11,1,8,OR-BCR9-BU: Bureau of Land Management - Burns District,FALSE
OR-BCR9-LA,2024,2024-05-15T06:00:00Z,2024-05-21T06:00:00Z,1,1,35,8,113,1,72,8,3,72,10,3,8,OR-BCR9-LA: Bureau of Land Management - Lakeview and Medford Districts,FALSE
OR-BCR9-PR,2024,2024-05-20T06:00:00Z,2024-05-28T06:00:00Z,1,1,46,8,107,0,87,11,2,88,12,2,8,OR-BCR9-PR: Bureau of Land Management - Prineville District,FALSE
OR-BCR9-VA,2024,2024-06-12T06:00:00Z,2024-06-27T06:00:00Z,1,1,29,8,85,0,43,6,1,43,8,1,8,OR-BCR9-VA: Bureau of Land Management - Vale District,FALSE
SD-BCR17-BM,2024,2024-05-22T06:00:00Z,2024-07-16T06:00:00Z,1,1,64,7,84,12,138,7,14,139,13,15,7,SD-BCR17-BM: Bureau of Land Management,FALSE
UT-BCR10 BLM,2024,2024-06-12T06:00:00Z,2024-07-11T06:00:00Z,2,1,33,5,51,6,83,7,15,83,12,15,6,,TRUE
UT-BCR16 BLM,2024,2024-04-28T06:00:00Z,2024-07-14T06:00:00Z,11,1,94,50,504,16,141,47,20,141,61,21,52,,TRUE
UT-BCR16-GS,2024,2024-06-02T06:00:00Z,2024-06-13T06:00:00Z,1,1,39,6,66,7,85,10,13,85,13,13,6,UT-BCR16-GS: Bureau of Land Management - Grand Staircase-Escalante National Monument,FALSE
UT-BCR16-KA,2024,2024-05-13T06:00:00Z,2024-06-07T06:00:00Z,1,1,41,4,45,8,80,4,13,79,7,13,4,UT-BCR16-KA: Bureau of Land Management - Kanab Field Office,FALSE
UT-BCR16-MN,2024,2024-05-06T06:00:00Z,2024-05-23T06:00:00Z,1,1,30,6,74,3,61,8,7,61,11,7,6,UT-BCR16-MN: Bureau of Land Management - Monticello Field Office,FALSE
UT-BCR16-MO,2024,2024-06-08T06:00:00Z,2024-06-24T06:00:00Z,1,1,57,7,61,8,79,6,10,79,7,10,7,UT-BCR16-MO: Bureau of Land Management - Moab Field Office,FALSE
UT-BCR16-PR,2024,2024-05-27T06:00:00Z,2024-06-18T06:00:00Z,1,1,38,8,84,5,92,2,10,92,6,10,8,UT-BCR16-PR: Bureau of Land Management - Price Field Office,FALSE
UT-BCR9 BLM,2024,2024-04-29T06:00:00Z,2024-07-06T06:00:00Z,5,1,85,36,393,20,136,24,24,138,36,26,37,,TRUE
UT-BLM,2024,2024-04-28T06:00:00Z,2024-07-14T06:00:00Z,19,1,113,94,974,21,160,61,26,162,75,29,98,,TRUE
UT-BLM - Cedar City Field Office,2024,2024-05-10T06:00:00Z,2024-06-25T06:00:00Z,2,1,56,12,161,11,104,13,15,104,18,15,12,,TRUE
UT-BLM - Fillmore Field Office,2024,2024-05-12T06:00:00Z,2024-06-06T06:00:00Z,2,1,44,12,127,10,88,5,13,89,7,14,13,,TRUE
UT-BLM - Richfield Field Office,2024,2024-06-02T06:00:00Z,2024-06-24T06:00:00Z,2,1,39,9,98,5,92,3,15,92,4,15,9,,TRUE
UT-BLM - Saint George Field Office,2024,2024-04-28T06:00:00Z,2024-06-08T06:00:00Z,3,1,51,9,68,11,102,6,15,103,5,16,9,,TRUE
UT-BLM - Salt Lake Field Office,2024,2024-05-16T06:00:00Z,2024-07-06T06:00:00Z,3,1,62,16,156,10,111,6,20,112,10,21,16,,TRUE
UT-BLM - Vernal Field Office,2024,2024-06-18T06:00:00Z,2024-07-14T06:00:00Z,2,1,34,5,34,7,87,1,14,87,3,14,8,,TRUE
WY-BCR10-CO,2024,2024-05-28T06:00:00Z,2024-06-04T06:00:00Z,1,1,68,6,83,9,81,9,6,81,10,6,6,WY-BCR10-CO: Bureau of Land Management - Cody Field Office,FALSE
WY-BCR10-KE,2024,2024-06-04T06:00:00Z,2024-07-09T06:00:00Z,1,1,33,8,104,9,55,6,6,56,9,7,8,WY-BCR10-KE: Bureau of Land Management - Kemmerer Field Office,FALSE
WY-BCR10-LA,2024,2024-06-04T06:00:00Z,2024-06-26T06:00:00Z,1,1,78,12,169,13,101,9,8,101,14,8,12,WY-BCR10-LA: Bureau of Land Management - Lander Field Office,FALSE
WY-BCR10-PI,2024,2024-06-20T06:00:00Z,2024-07-05T06:00:00Z,1,1,41,7,102,8,102,7,6,103,6,6,6,WY-BCR10-PI: Bureau of Land Management - Pinedale Field Office,FALSE
WY-BCR10-RA,2024,2024-06-05T06:00:00Z,2024-06-24T06:00:00Z,1,1,52,13,164,16,88,10,9,88,10,9,13,WY-BCR10-RA: Bureau of Land Management - Rawlins Field Office,FALSE
WY-BCR10-RO,2024,2024-05-23T06:00:00Z,2024-06-27T06:00:00Z,1,1,55,14,183,13,96,9,7,98,10,9,14,WY-BCR10-RO: Bureau of Land Management - Rock Springs Field Office,FALSE
WY-BCR10-WO,2024,2024-05-27T06:00:00Z,2024-07-08T06:00:00Z,1,1,45,6,85,9,91,6,9,91,10,9,7,WY-BCR10-WO: Bureau of Land Management - Worland Field Office,FALSE
WY-BCR16-BL,2024,2024-06-13T06:00:00Z,2024-07-07T06:00:00Z,1,1,37,2,16,7,90,1,3,90,8,3,2,WY-BCR16-BL: Bureau of Land Management,FALSE
WY-BCR17-NE,2024,2024-05-27T06:00:00Z,2024-05-29T06:00:00Z,1,1,39,3,40,11,95,3,9,96,4,10,3,WY-BCR17-NE: Bureau of Land Management - Newcastle Field Office,FALSE
WY-BCR18-BL,2024,2024-05-23T06:00:00Z,2024-05-30T06:00:00Z,1,1,21,2,18,7,54,1,6,54,3,6,2,WY-BCR18-BL: Bureau of Land Management,FALSE
WY-BLM,2024,2024-05-20T06:00:00Z,2024-07-09T06:00:00Z,14,1,132,86,1128,9,178,52,10,180,72,12,86,,TRUE
WY-BLM-Buffalo,2024,2024-05-26T06:00:00Z,2024-07-09T06:00:00Z,2,1,57,5,66,3,110,4,6,110,8,6,5,,TRUE
WY-BLM-Casper,2024,2024-05-20T06:00:00Z,2024-06-12T06:00:00Z,2,1,54,8,98,4,104,9,5,105,12,6,8,,TRUE
CA-BCR9-CC,2024,2024-05-28T06:00:00Z,2024-05-28T06:00:00Z,1,1,24,2,24,0,45,1,0,45,4,0,3,CA-BCR9-CC: Bureau of Land Management - Carson City District,FALSE
CA-BCR9-NC,2024,2024-05-29T06:00:00Z,2024-05-31T06:00:00Z,1,1,30,4,58,0,62,1,2,62,6,2,4,CA-BCR9-NC: Bureau of Land Management - Northern California District,FALSE
CO-BCR18-DO,2024,2024-05-24T06:00:00Z,2024-06-07T06:00:00Z,1,1,39,2,20,8,115,1,13,117,5,13,2,CO-BCR18-DO: Department of Defense,FALSE
UT-BCR9 Department of Defense lands,2024,2024-05-16T06:00:00Z,2024-06-10T06:00:00Z,6,1,34,30,414,1,69,8,3,69,9,3,31,,TRUE
UT-BCR9-AP,2024,2024-05-20T06:00:00Z,2024-05-22T06:00:00Z,1,1,17,6,94,1,25,3,1,25,4,1,6,UT-BCR9-AP: Department of Defense - APG Impact Area,FALSE
UT-BCR9-DD,2024,2024-05-16T06:00:00Z,2024-06-10T06:00:00Z,1,1,27,7,97,1,57,5,0,56,7,0,8,UT-BCR9-DD: Department of Defense - Other Lands,FALSE
UT-BCR9-MU,2024,2024-05-30T06:00:00Z,2024-05-30T06:00:00Z,1,1,2,3,28,0,2,0,0,2,0,0,3,UT-BCR9-MU: Department of Defense - Mudflats,FALSE
UT-BCR9-TS,2024,2024-05-22T06:00:00Z,2024-06-03T06:00:00Z,1,1,12,6,89,0,23,7,1,24,6,1,6,UT-BCR9-TS: Department of Defense - Target S Impact Area,FALSE
UT-BCR9-UR,2024,2024-05-28T06:00:00Z,2024-05-29T06:00:00Z,1,1,1,6,79,0,4,0,0,4,1,0,5,UT-BCR9-UR: Department of Defense - UTG Impact Area,FALSE
UT-BCR9-UT,2024,2024-05-22T06:00:00Z,2024-06-05T06:00:00Z,1,1,13,2,27,0,24,0,1,25,4,1,3,UT-BCR9-UT: Department of Defense - UTTR Impact Areas,FALSE
WY-BCR18-DO,2024,2024-06-11T06:00:00Z,2024-06-12T06:00:00Z,1,1,27,2,22,8,62,1,15,62,4,15,2,WY-BCR18-DO: Department of Defense,FALSE
CO-BCR16-NC,2024,2024-05-28T06:00:00Z,2024-06-22T06:00:00Z,1,1,23,2,15,2,76,0,0,76,1,0,2,CO-BCR16-NC: National Park Service - Northern Colorado Plateau Network,FALSE
CO-BCR16-RM,2024,2024-06-26T06:00:00Z,2024-07-15T06:00:00Z,1,1,23,2,14,0,86,2,0,86,5,0,2,CO-BCR16-RM: National Park Service - Rocky Mountain Network,FALSE
CO-BCR16-SC,2024,2024-06-18T06:00:00Z,2024-06-19T06:00:00Z,1,1,35,2,22,4,78,2,0,78,6,0,2,CO-BCR16-SC: National Park Service - Southern Colorado Plateau Network,FALSE
ND-BCR17-KR,2024,2024-07-02T06:00:00Z,2024-07-12T06:00:00Z,1,1,81,5,59,12,117,11,0,119,18,0,5,ND-BCR17-KR: Knife River Indian Villages National Historic Site,FALSE
NE-BCR18-AF,2024,2024-06-05T06:00:00Z,2024-06-12T06:00:00Z,1,1,47,4,47,10,92,5,0,93,9,0,4,NE-BCR18-AF: Agate Fossil Beds National Monument,FALSE
NE-BCR18-SB,2024,2024-06-10T06:00:00Z,2024-07-01T06:00:00Z,1,1,51,4,44,8,82,5,0,81,9,0,4,NE-BCR18-SB: Scotts Bluff National Monument,FALSE
NPS-Greater Yellowstone Network,2024,2024-06-05T06:00:00Z,2024-07-09T06:00:00Z,3,1,74,8,87,0,132,9,0,132,15,0,8,,TRUE
SD-BCR17-BN,2024,2024-05-21T06:00:00Z,2024-06-05T06:00:00Z,1,1,48,6,64,6,98,5,0,98,8,0,6,SD-BCR17-BN: Badlands National Park - North Unit,FALSE
SD-BCR17-JC,2024,2024-07-11T06:00:00Z,2024-07-12T06:00:00Z,1,1,33,2,21,2,90,2,0,90,10,0,4,SD-BCR17-JC: Jewel Cave National Monument,FALSE
SD-BCR17-MR,2024,2024-07-07T06:00:00Z,2024-07-16T06:00:00Z,1,1,46,6,55,0,82,15,0,82,17,0,6,SD-BCR17-MR: Mount Rushmore National Monument,FALSE
SD-BCR17-WC,2024,2024-06-11T06:00:00Z,2024-07-05T06:00:00Z,1,1,63,6,76,6,126,11,0,127,17,0,6,SD-BCR17-WC: Wind Cave National Park,FALSE
Theodore Roosevelt National Park,2024,2024-06-20T06:00:00Z,2024-07-04T06:00:00Z,2,1,69,12,116,0,120,24,0,120,26,0,12,,TRUE
WY-BCR10-BH,2024,2024-06-06T06:00:00Z,2024-06-07T06:00:00Z,1,1,34,2,19,6,67,0,0,68,4,0,2,WY-BCR10-BH: Bighorn Canyon National Recreation Area,FALSE
WY-BCR10-GR,2024,2024-06-05T06:00:00Z,2024-06-25T06:00:00Z,1,1,26,2,21,2,85,0,0,85,2,0,2,WY-BCR10-GR: Grand Teton National Park,FALSE
WY-BCR10-YE,2024,2024-07-07T06:00:00Z,2024-07-09T06:00:00Z,1,1,45,4,47,5,90,9,12,90,11,12,4,WY-BCR10-YE: Yellowstone National Park,FALSE
CO,2024,2024-05-15T06:00:00Z,2024-07-18T06:00:00Z,41,1,199,296,3073,39,244,110,45,243,121,46,301,,TRUE
CO-All Other,2024,2024-05-18T06:00:00Z,2024-07-16T06:00:00Z,7,1,142,72,759,26,210,68,44,210,66,44,73,,TRUE
CO-BCR10,2024,2024-05-21T06:00:00Z,2024-06-27T06:00:00Z,4,1,87,19,209,13,126,15,23,126,22,23,19,,TRUE
CO-BCR10-AO,2024,2024-05-21T06:00:00Z,2024-06-24T06:00:00Z,1,1,60,5,60,6,114,7,22,114,10,22,5,CO-BCR10-AO: All Other Lands,FALSE
CO-BCR16,2024,2024-05-15T06:00:00Z,2024-07-18T06:00:00Z,27,1,149,207,2084,26,197,91,35,194,97,35,211,,TRUE
CO-BCR16-AO,2024,2024-05-23T06:00:00Z,2024-07-16T06:00:00Z,1,1,103,20,173,10,180,30,33,181,34,33,20,CO-BCR16-AO: All Other Lands,FALSE
CO-BCR18,2024,2024-05-18T06:00:00Z,2024-06-14T06:00:00Z,10,1,129,70,780,19,205,35,35,205,42,35,71,,TRUE
CO-BCR18-All Other,2024,2024-05-18T06:00:00Z,2024-06-14T06:00:00Z,5,1,75,47,526,15,133,26,22,133,32,22,48,,TRUE
CO-BCR18-Nonrivers,2024,2024-05-18T06:00:00Z,2024-06-14T06:00:00Z,8,1,104,62,710,18,175,31,29,175,37,29,63,,TRUE
CO-Rivers,2024,2024-05-21T06:00:00Z,2024-06-05T06:00:00Z,2,1,79,8,70,4,178,16,25,178,18,25,8,,TRUE
KS-BCR18-AO,2024,2024-05-15T06:00:00Z,2024-06-11T06:00:00Z,1,1,31,11,95,13,65,7,19,65,10,19,11,KS-BCR18-AO: All Other Lands,FALSE
KS-BCR18-PL,2024,2024-05-10T06:00:00Z,2024-06-07T06:00:00Z,1,1,32,11,97,11,52,8,19,52,9,19,11,KS-BCR18-PL: Playas,FALSE
KS-BCR18-RV,2024,2024-05-11T06:00:00Z,2024-06-08T06:00:00Z,1,1,66,11,124,21,95,11,26,95,14,26,11,KS-BCR18-RV: Rivers,FALSE
KS-BCR19-AO,2024,2024-05-22T06:00:00Z,2024-06-10T06:00:00Z,1,1,66,11,98,18,100,16,24,101,16,24,11,KS-BCR19-AO: All Other Lands,FALSE
KS-BCR19-PL,2024,2024-05-15T06:00:00Z,2024-06-04T06:00:00Z,1,1,40,11,78,17,66,11,20,66,12,20,11,KS-BCR19-PL: Playas,FALSE
KS-BCR19-RV,2024,2024-05-13T06:00:00Z,2024-06-10T06:00:00Z,1,1,114,11,91,30,117,22,26,123,30,26,11,KS-BCR19-RV: Rivers,FALSE
MT,2024,2024-05-19T06:00:00Z,2024-07-10T06:00:00Z,30,1,206,183,1962,32,222,91,36,224,114,38,185,,TRUE
MT-All Other 2018-Present,2024,2024-05-20T06:00:00Z,2024-07-10T06:00:00Z,3,1,137,35,409,19,180,42,31,181,53,32,36,,TRUE
MT-BCR10,2024,2024-05-25T06:00:00Z,2024-07-08T06:00:00Z,21,1,162,116,1162,23,193,56,27,193,78,28,115,,TRUE
MT-BCR10-ON,2024,2024-06-07T06:00:00Z,2024-07-01T06:00:00Z,1,1,92,8,85,11,135,7,16,137,12,17,8,MT-BCR10-ON: All Other Lands,FALSE
MT-BCR11,2024,2024-05-24T06:00:00Z,2024-07-10T06:00:00Z,4,1,110,31,357,13,139,13,18,141,27,20,33,,TRUE
MT-BCR11-AO,2024,2024-05-31T06:00:00Z,2024-07-10T06:00:00Z,1,1,82,9,107,11,122,8,18,123,15,19,10,MT-BCR11-AO: All Other Lands,FALSE
MT-BCR17,2024,2024-05-19T06:00:00Z,2024-07-10T06:00:00Z,5,1,123,36,443,11,182,31,26,182,39,27,37,,TRUE
MT-BCR17-AO,2024,2024-05-20T06:00:00Z,2024-07-03T06:00:00Z,1,1,89,18,217,15,135,22,17,137,28,18,18,MT-BCR17-AO: All Other Lands,FALSE
ND-BCR17-AT,2024,2024-06-27T06:00:00Z,2024-07-18T06:00:00Z,1,1,89,10,84,18,93,19,19,95,22,19,10,ND-BCR17-AT: All Other Lands,FALSE
NE-BCR17-ON,2024,2024-05-23T06:00:00Z,2024-06-30T06:00:00Z,1,1,53,6,53,2,81,5,8,81,8,8,6,NE-BCR17-ON: All Other Lands,FALSE
NE-BCR18-ON,2024,2024-06-18T06:00:00Z,2024-06-26T06:00:00Z,1,1,38,6,65,9,59,7,6,59,13,6,6,NE-BCR18-ON: All Other Lands,FALSE
OK-BCR18-AO,2024,2024-05-12T06:00:00Z,2024-05-23T06:00:00Z,1,1,33,4,51,8,87,4,15,87,6,15,4,OK-BCR18-AO: All Other Lands,FALSE
OK-BCR19-AO,2024,2024-05-11T06:00:00Z,2024-05-14T06:00:00Z,1,1,47,4,30,13,101,3,11,107,12,12,4,OK-BCR19-AO: All Other Lands,FALSE
SD-BCR17-AT,2024,2024-05-21T06:00:00Z,2024-07-01T06:00:00Z,1,1,94,20,195,15,106,17,9,107,22,10,20,SD-BCR17-AT: All Other Lands,FALSE
TX-BCR18-AO,2024,2024-04-29T06:00:00Z,2024-05-11T06:00:00Z,1,1,43,4,39,17,88,1,18,90,4,18,4,TX-BCR18-AO: All Other Lands,FALSE
TX-BCR19-AO,2024,2024-04-29T06:00:00Z,2024-05-07T06:00:00Z,1,1,38,4,21,13,92,2,22,98,6,24,4,TX-BCR19-AO: All Other Lands,FALSE
UT,2024,2024-04-28T06:00:00Z,2024-07-14T06:00:00Z,42,1,182,266,2995,10,220,101,15,220,111,15,287,,TRUE
UT-All Other Lands,2024,2024-05-07T06:00:00Z,2024-07-08T06:00:00Z,4,1,157,89,1089,7,199,61,12,199,70,12,104,,TRUE
UT-BCR10,2024,2024-06-09T06:00:00Z,2024-07-11T06:00:00Z,5,1,74,14,124,1,140,12,8,140,12,8,16,,TRUE
UT-BCR10-AO,2024,2024-06-17T06:00:00Z,2024-06-24T06:00:00Z,1,1,20,4,34,0,91,4,4,91,5,4,5,UT-BCR10-AO: All Other Lands,FALSE
UT-BCR16,2024,2024-04-28T06:00:00Z,2024-07-14T06:00:00Z,18,1,157,124,1306,8,197,86,11,196,92,11,138,,TRUE
UT-BCR16-AO,2024,2024-05-09T06:00:00Z,2024-07-08T06:00:00Z,1,1,122,37,436,6,167,38,9,166,46,9,49,UT-BCR16-AO: All Other Lands,FALSE
UT-BCR33,2024,2024-05-02T06:00:00Z,2024-05-20T06:00:00Z,2,1,78,16,215,0,117,4,4,117,6,4,18,,TRUE
UT-BCR33-AO,2024,2024-05-07T06:00:00Z,2024-05-20T06:00:00Z,1,1,76,13,189,0,111,15,1,114,14,1,15,UT-BCR33-AO: All Other Lands,FALSE
UT-BCR9,2024,2024-04-29T06:00:00Z,2024-07-09T06:00:00Z,17,1,122,112,1350,4,172,57,11,174,67,12,115,,TRUE
UT-BCR9-AO,2024,2024-05-15T06:00:00Z,2024-06-24T06:00:00Z,1,1,101,35,430,3,141,26,6,143,38,7,35,UT-BCR9-AO: All Other Lands,FALSE
WY,2024,2024-05-18T06:00:00Z,2024-07-15T06:00:00Z,37,1,197,213,2604,46,220,89,58,223,111,61,213,,TRUE
WY-All Other,2024,2024-05-21T06:00:00Z,2024-06-26T06:00:00Z,4,1,144,44,473,28,198,38,51,198,52,51,44,,TRUE
WY-BCR10,2024,2024-05-22T06:00:00Z,2024-07-15T06:00:00Z,23,1,179,142,1790,42,205,72,54,207,99,56,142,,TRUE
WY-BCR10-AO,2024,2024-05-22T06:00:00Z,2024-06-26T06:00:00Z,1,1,110,15,161,17,168,16,36,170,19,37,15,WY-BCR10-AO: All Other Lands,FALSE
WY-BCR16,2024,2024-05-28T06:00:00Z,2024-07-13T06:00:00Z,4,1,102,21,242,16,166,34,38,166,37,38,21,,TRUE
WY-BCR16-AO,2024,2024-05-28T06:00:00Z,2024-06-20T06:00:00Z,1,1,50,5,50,9,116,4,23,116,4,23,5,WY-BCR16-AO: All Other Lands,FALSE
WY-BCR17,2024,2024-05-18T06:00:00Z,2024-06-12T06:00:00Z,6,1,117,32,375,22,176,19,41,177,26,42,32,,TRUE
WY-BCR17-AO,2024,2024-05-22T06:00:00Z,2024-06-08T06:00:00Z,1,1,86,12,129,20,149,10,33,149,19,33,12,WY-BCR17-AO: All Other Lands,FALSE
WY-BCR18,2024,2024-05-21T06:00:00Z,2024-06-21T06:00:00Z,3,1,65,16,173,12,112,8,28,112,11,28,16,,TRUE
WY-BCR18-AO,2024,2024-05-21T06:00:00Z,2024-06-21T06:00:00Z,1,1,60,12,133,15,105,8,25,105,11,25,12,WY-BCR18-AO: All Other Lands,FALSE
WY-BCR10-WR,2024,2024-06-06T06:00:00Z,2024-06-20T06:00:00Z,1,1,62,4,59,13,96,3,17,97,12,18,4,WY-BCR10-WR: Wind River Reservation,FALSE
Apache-Sitgreaves National Forest,2024,2024-05-09T06:00:00Z,2024-06-20T06:00:00Z,2,1,89,12,116,0,83,21,0,82,29,0,11,,TRUE
Ashley National Forest,2024,2024-05-26T06:00:00Z,2024-07-12T06:00:00Z,3,2,55,10,91,3,121,6,7,121,10,7,10,,TRUE
AZ-BCR34-CF,2024,2024-04-30T06:00:00Z,2024-06-18T06:00:00Z,1,1,78,10,103,4,158,20,5,159,25,5,10,AZ-BCR34-CF: Coconino National Forest,FALSE
Beaverhead-Deerlodge National Forest,2024,2024-06-01T06:00:00Z,2024-07-01T06:00:00Z,2,1,62,10,132,0,121,17,0,121,21,0,10,,TRUE
Bitterroot National Forest,2024,2024-06-13T06:00:00Z,2024-07-08T06:00:00Z,3,2,86,11,117,3,119,24,3,119,24,3,11,,TRUE
Black Hills National Forest,2024,2024-05-24T06:00:00Z,2024-07-17T06:00:00Z,2,2,65,8,93,4,100,13,8,99,14,8,8,,TRUE
Boise National Forest,2024,2024-05-30T06:00:00Z,2024-07-12T06:00:00Z,2,1,75,10,81,5,116,19,6,115,25,6,10,,TRUE
Bridger-Teton National Forest,2024,2024-06-22T06:00:00Z,2024-07-12T06:00:00Z,2,1,75,10,105,1,129,7,4,129,10,4,10,,TRUE
Caribou-Targhee National Forest,2024,2024-06-07T06:00:00Z,2024-07-08T06:00:00Z,6,3,90,13,138,1,152,14,2,153,21,2,13,,TRUE
Clearwater National Forest,2024,2024-06-01T06:00:00Z,2024-07-07T06:00:00Z,2,1,59,11,109,2,106,15,4,107,19,4,10,,TRUE
CO-BCR16-AR,2024,2024-06-05T06:00:00Z,2024-07-18T06:00:00Z,1,1,88,32,326,13,114,35,7,114,36,7,34,CO-BCR16-AR: Arapaho and Roosevelt National Forests,FALSE
CO-BCR16-GM,2024,2024-05-27T06:00:00Z,2024-07-17T06:00:00Z,1,1,63,11,101,6,106,18,6,108,21,6,11,CO-BCR16-GM: Grand Mesa; Uncompahgre and Gunnison National Forests,FALSE
CO-BCR16-PS,2024,2024-06-09T06:00:00Z,2024-07-17T06:00:00Z,1,1,60,8,69,4,96,16,0,96,19,0,8,CO-BCR16-PS: Pike and San Isabel National Forests,FALSE
CO-BCR16-SA,2024,2024-06-04T06:00:00Z,2024-07-16T06:00:00Z,1,1,95,16,166,8,128,26,5,126,29,5,16,CO-BCR16-SA: San Juan National Forest,FALSE
CO-BCR18-CO,2024,2024-05-22T06:00:00Z,2024-06-01T06:00:00Z,1,1,36,5,57,9,94,4,2,94,5,2,5,CO-BCR18-CO: Comanche National Grassland,FALSE
CO-BCR18-PG,2024,2024-05-21T06:00:00Z,2024-06-08T06:00:00Z,1,1,29,8,107,11,50,5,2,50,7,2,8,CO-BCR18-PG: Pawnee National Grassland - Public Lands,FALSE
Coronado National Forest,2024,2024-05-01T06:00:00Z,2024-06-18T06:00:00Z,2,2,119,20,200,27,134,33,25,135,40,25,20,,TRUE
Custer National Forest,2024,2024-06-08T06:00:00Z,2024-06-29T06:00:00Z,4,2,106,15,176,10,161,23,13,161,37,13,15,,TRUE
Dixie National Forest,2024,2024-05-11T06:00:00Z,2024-07-08T06:00:00Z,2,1,74,10,103,0,116,15,0,116,25,0,10,,TRUE
Fishlake National Forest,2024,2024-05-26T06:00:00Z,2024-07-03T06:00:00Z,2,1,66,10,120,0,108,14,0,107,23,0,10,,TRUE
Flathead National Forest,2024,2024-06-14T06:00:00Z,2024-07-02T06:00:00Z,2,1,58,10,91,0,109,15,3,109,17,3,10,,TRUE
Gallatin National Forest,2024,2024-05-31T06:00:00Z,2024-06-30T06:00:00Z,2,1,65,9,92,1,120,20,2,120,22,2,9,,TRUE
Gila National Forest,2024,2024-05-10T06:00:00Z,2024-06-12T06:00:00Z,2,1,102,11,117,0,92,22,0,91,28,0,11,,TRUE
Helena National Forest,2024,2024-05-26T06:00:00Z,2024-06-27T06:00:00Z,2,1,70,9,90,3,128,14,3,128,21,3,9,,TRUE
Humboldt-Toiyabe National Forest,2024,2024-05-14T06:00:00Z,2024-07-04T06:00:00Z,5,2,96,20,195,5,132,18,5,132,19,5,19,,TRUE
Idaho Panhandle National Forest,2024,2024-05-26T06:00:00Z,2024-07-07T06:00:00Z,2,1,75,26,220,6,120,35,8,119,37,8,26,,TRUE
ID-BCR10-PA,2024,2024-06-19T06:00:00Z,2024-07-09T06:00:00Z,1,1,69,10,79,1,114,13,7,116,19,7,10,ID-BCR10-PA: Payette National Forest,FALSE
ID-BCR9-CU,2024,2024-05-27T06:00:00Z,2024-06-01T06:00:00Z,1,1,36,5,51,5,78,6,0,78,8,0,5,ID-BCR9-CU: Curlew National Grassland,FALSE
Kaibab National Forest,2024,2024-05-15T06:00:00Z,2024-06-11T06:00:00Z,2,1,93,20,232,3,136,38,3,135,45,3,20,,TRUE
Kootenai National Forest,2024,2024-05-25T06:00:00Z,2024-06-30T06:00:00Z,3,2,98,33,301,7,135,40,8,134,36,8,32,,TRUE
KS-BCR18-CM,2024,2024-05-09T06:00:00Z,2024-05-17T06:00:00Z,1,1,29,3,41,15,46,4,1,47,7,1,3,KS-BCR18-CM: Cimarron National Grassland,FALSE
Lewis and Clark National Forest,2024,2024-05-27T06:00:00Z,2024-06-29T06:00:00Z,3,1,71,10,108,2,130,16,4,130,18,4,10,,TRUE
Lincoln National Forest,2024,2024-05-21T06:00:00Z,2024-06-25T06:00:00Z,2,1,83,10,99,0,NA,NA,NA,NA,NA,NA,10,,TRUE
Lolo National Forest,2024,2024-05-28T06:00:00Z,2024-07-08T06:00:00Z,2,1,80,10,76,1,131,23,3,132,28,3,10,,TRUE
Manti-La Sal National Forest,2024,2024-06-15T06:00:00Z,2024-07-07T06:00:00Z,3,2,68,15,143,1,145,18,4,145,25,4,15,,TRUE
Medicine Bow National Forest,2024,2024-06-09T06:00:00Z,2024-07-13T06:00:00Z,2,1,98,17,213,5,140,32,5,140,32,5,17,,TRUE
ND-BCR17-MG,2024,2024-07-04T06:00:00Z,2024-07-06T06:00:00Z,1,1,53,4,44,8,101,8,0,101,13,0,6,ND-BCR17-MG: Little Missouri National Grassland,FALSE
ND-BCR17-RG,2024,2024-06-26T06:00:00Z,2024-07-17T06:00:00Z,1,1,43,4,53,11,78,5,5,79,10,5,4,ND-BCR17-RG: Cedar River National Grassland,FALSE
Nebraska National Forests 2013-2023,2024,2024-05-22T06:00:00Z,2024-06-24T06:00:00Z,3,1,81,11,151,3,130,11,3,129,19,3,11,,TRUE
Nebraska National Grasslands,2024,2024-05-21T06:00:00Z,2024-06-29T06:00:00Z,4,2,81,16,211,10,136,8,12,137,11,13,16,,TRUE
Nez Perce National Forest,2024,2024-06-03T06:00:00Z,2024-06-27T06:00:00Z,2,1,62,11,131,2,112,16,5,112,21,5,10,,TRUE
NM-BCR16-CF,2024,2024-06-08T06:00:00Z,2024-07-10T06:00:00Z,1,1,82,10,119,0,78,22,0,78,34,0,10,NM-BCR16-CF: Carson National Forest,FALSE
NM-BCR16-SF,2024,2024-06-18T06:00:00Z,2024-07-10T06:00:00Z,1,1,77,10,100,0,70,29,0,68,31,0,10,NM-BCR16-SF: Santa Fe National Forest,FALSE
NM-CIBOL-CB,2024,2024-05-11T06:00:00Z,2024-07-08T06:00:00Z,1,1,81,10,127,0,76,24,0,75,29,0,10,NM-CIBOL-CB: Cibola National Forest,FALSE
Prescott National Forest,2024,2024-04-30T06:00:00Z,2024-06-12T06:00:00Z,2,1,70,10,79,11,60,11,11,60,14,11,10,,TRUE
Rio Grande National Forest,2024,2024-06-22T06:00:00Z,2024-07-18T06:00:00Z,3,1,67,11,126,5,127,16,6,127,23,6,12,,TRUE
Routt National Forest,2024,2024-06-22T06:00:00Z,2024-07-17T06:00:00Z,2,1,66,14,155,5,122,27,7,121,28,7,14,,TRUE
Salmon-Challis National Forest,2024,2024-06-14T06:00:00Z,2024-07-07T06:00:00Z,2,1,70,11,124,6,115,19,7,115,23,7,11,,TRUE
Sawtooth National Forest,2024,2024-06-17T06:00:00Z,2024-07-09T06:00:00Z,3,2,66,12,131,2,129,24,2,129,30,2,12,,TRUE
SD-BCR17-RG,2024,2024-05-22T06:00:00Z,2024-05-27T06:00:00Z,1,1,37,5,72,9,76,8,0,76,10,0,5,SD-BCR17-RG: Grand River National Grassland,FALSE
Shoshone National Forest,2024,2024-06-23T06:00:00Z,2024-07-11T06:00:00Z,2,1,85,11,124,6,145,14,7,145,16,7,11,,TRUE
Tonto National Forest,2024,2024-04-30T06:00:00Z,2024-06-29T06:00:00Z,2,1,96,10,105,15,130,10,19,130,13,19,10,,TRUE
Uinta-Wasatch-Cache National Forest,2024,2024-06-09T06:00:00Z,2024-07-12T06:00:00Z,5,2,71,12,127,0,125,12,0,125,16,0,13,,TRUE
USFS-Region 1 National Forests,2024,2024-05-25T06:00:00Z,2024-07-08T06:00:00Z,29,3,173,165,1643,6,200,83,9,200,108,9,162,,TRUE
USFS-Region 1 National Grasslands 2013-Present,2024,2024-05-22T06:00:00Z,2024-07-17T06:00:00Z,3,2,78,13,169,3,127,11,5,127,14,5,15,,TRUE
USFS-Region 2 National Forests,2024,2024-05-22T06:00:00Z,2024-07-18T06:00:00Z,22,4,174,162,1766,15,219,92,23,220,107,23,165,,TRUE
USFS-Region 2 National Grasslands 2016-Present,2024,2024-05-09T06:00:00Z,2024-06-29T06:00:00Z,8,5,114,38,488,14,181,17,19,183,25,21,38,,TRUE
USFS-Region 3 National Forests,2024,2024-04-30T06:00:00Z,2024-07-10T06:00:00Z,18,2,179,133,1397,22,195,89,25,192,96,25,132,,TRUE
USFS-Region 4 National Forests,2024,2024-05-11T06:00:00Z,2024-07-12T06:00:00Z,36,6,168,143,1437,6,212,85,6,210,106,7,143,,TRUE
White River National Forest,2024,2024-06-10T06:00:00Z,2024-07-10T06:00:00Z,3,1,69,13,113,7,122,24,9,122,25,9,13,,TRUE
WY-BCR10-BI,2024,2024-06-14T06:00:00Z,2024-07-15T06:00:00Z,1,1,48,10,129,7,101,15,6,101,17,6,10,WY-BCR10-BI: Bighorn National Forest,FALSE
WY-BCR17-TB,2024,2024-05-18T06:00:00Z,2024-05-24T06:00:00Z,1,1,43,6,72,11,106,2,2,107,9,2,6,WY-BCR17-TB: Thunder Basin National Grassland,FALSE
